Entity,Code,Year,Wind capacity (total) (GW),Wind_capacity_total_MW
Austria,AUT,2000,0.05,50.0
Austria,AUT,2001,0.067,67.0
Austria,AUT,2002,0.109000005,109.000005
Austria,AUT,2003,0.32200003,322.00003
Austria,AUT,2004,0.58100003,581.00003
Austria,AUT,2005,0.82521904,825.2190400000001
Austria,AUT,2006,0.96826905,968.26905
Austria,AUT,2007,0.991159,991.159
Austria,AUT,2008,0.99197406,991.97406
Austria,AUT,2009,1.000985,1000.985
Austria,AUT,2010,1.015828,1015.828
Austria,AUT,2011,1.105966,1105.966
Austria,AUT,2012,1.3371501,1337.1500999999998
Austria,AUT,2013,1.674538,1674.538
Austria,AUT,2014,2.110275,2110.275
Austria,AUT,2015,2.4887261,2488.7261
Austria,AUT,2016,2.7299962,2729.9962
Austria,AUT,2017,2.8866982,2886.6982000000003
Austria,AUT,2018,3.132713,3132.7129999999997
Austria,AUT,2019,3.224117,3224.117
Austria,AUT,2020,3.225979,3225.9790000000003
Austria,AUT,2021,3.4078112,3407.8111999999996
Austria,AUT,2022,3.5792363,3579.2363
Austria,AUT,2023,3.9772363,3977.2363
Belgium,BEL,2000,0.014,14.0
Belgium,BEL,2001,0.026,26.0
Belgium,BEL,2002,0.031000001,31.000000999999997
Belgium,BEL,2003,0.067,67.0
Belgium,BEL,2004,0.096,96.0
Belgium,BEL,2005,0.16700001,167.00001
Belgium,BEL,2006,0.21200001,212.00000999999997
Belgium,BEL,2007,0.27600002,276.00002
Belgium,BEL,2008,0.324,324.0
Belgium,BEL,2009,0.60800004,608.00004
Belgium,BEL,2010,0.91200006,912.00006
Belgium,BEL,2011,1.069,1069.0
Belgium,BEL,2012,1.3669001,1366.9001
Belgium,BEL,2013,1.769,1769.0
Belgium,BEL,2014,1.9327,1932.7
Belgium,BEL,2015,2.1813002,2181.3002
Belgium,BEL,2016,2.3338,2333.8
Belgium,BEL,2017,2.7794,2779.4
Belgium,BEL,2018,3.3049002,3304.9002
Belgium,BEL,2019,3.8635,3863.5
Belgium,BEL,2020,4.6727004,4672.7004
Belgium,BEL,2021,4.9484005,4948.4005
Belgium,BEL,2022,5.3034005,5303.400500000001
Belgium,BEL,2023,5.50355,5503.549999999999
Bulgaria,BGR,2004,0.001,1.0
Bulgaria,BGR,2005,0.008,8.0
Bulgaria,BGR,2006,0.027,27.0
Bulgaria,BGR,2007,0.030000001,30.000000999999997
Bulgaria,BGR,2008,0.11400001,114.00001
Bulgaria,BGR,2009,0.333,333.0
Bulgaria,BGR,2010,0.48800004,488.00004
Bulgaria,BGR,2011,0.541,541.0
Bulgaria,BGR,2012,0.67700005,677.00005
Bulgaria,BGR,2013,0.683,683.0
Bulgaria,BGR,2014,0.69900006,699.0000600000001
Bulgaria,BGR,2015,0.69900006,699.0000600000001
Bulgaria,BGR,2016,0.69900006,699.0000600000001
Bulgaria,BGR,2017,0.69839007,698.3900699999999
Bulgaria,BGR,2018,0.69892,698.92
Bulgaria,BGR,2019,0.70312005,703.12005
Bulgaria,BGR,2020,0.70280004,702.80004
Bulgaria,BGR,2021,0.704375,704.375
Bulgaria,BGR,2022,0.7020851,702.0851
Bulgaria,BGR,2023,0.7020851,702.0851
Croatia,HRV,2004,0.006,6.0
Croatia,HRV,2005,0.006,6.0
Croatia,HRV,2006,0.017,17.0
Croatia,HRV,2007,0.017,17.0
Croatia,HRV,2008,0.017,17.0
Croatia,HRV,2009,0.07,70.0
Croatia,HRV,2010,0.079,79.0
Croatia,HRV,2011,0.13000001,130.00001
Croatia,HRV,2012,0.18,180.0
Croatia,HRV,2013,0.254,254.0
Croatia,HRV,2014,0.33900002,339.00002
Croatia,HRV,2015,0.418,418.0
Croatia,HRV,2016,0.483,483.0
Croatia,HRV,2017,0.5761,576.0999999999999
Croatia,HRV,2018,0.5863,586.3000000000001
Croatia,HRV,2019,0.6463,646.3
Croatia,HRV,2020,0.80130005,801.30005
Croatia,HRV,2021,0.9869001,986.9001
Croatia,HRV,2022,0.9869001,986.9001
Croatia,HRV,2023,1.1429001,1142.9001
Cyprus,CYP,2004,0.00022500001,0.22500001
Cyprus,CYP,2005,0.00022500001,0.22500001
Cyprus,CYP,2006,0.00022500001,0.22500001
Cyprus,CYP,2007,0.00022500001,0.22500001
Cyprus,CYP,2008,0.00022500001,0.22500001
Cyprus,CYP,2009,0.00022500001,0.22500001
Cyprus,CYP,2010,0.082225,82.22500000000001
Cyprus,CYP,2011,0.13422501,134.22501
Cyprus,CYP,2012,0.147225,147.225
Cyprus,CYP,2013,0.147225,147.225
Cyprus,CYP,2014,0.147225,147.225
Cyprus,CYP,2015,0.157725,157.725
Cyprus,CYP,2016,0.157725,157.725
Cyprus,CYP,2017,0.157725,157.725
Cyprus,CYP,2018,0.157725,157.725
Cyprus,CYP,2019,0.157725,157.725
Cyprus,CYP,2020,0.157725,157.725
Cyprus,CYP,2021,0.15750001,157.50001
Cyprus,CYP,2022,0.15750001,157.50001
Cyprus,CYP,2023,0.158,158.0
Denmark,DNK,2000,2.3900151,2390.0150999999996
Denmark,DNK,2001,2.497153,2497.153
Denmark,DNK,2002,2.8945312,2894.5312
Denmark,DNK,2003,3.1199162,3119.9162
Denmark,DNK,2004,3.1237123,3123.7123
Denmark,DNK,2005,3.1278362,3127.8361999999997
Denmark,DNK,2006,3.1356962,3135.6962
Denmark,DNK,2007,3.1242142,3124.2142
Denmark,DNK,2008,3.1628702,3162.8702
Denmark,DNK,2009,3.4820871,3482.0871
Denmark,DNK,2010,3.8018293,3801.8293
Denmark,DNK,2011,3.951981,3951.9809999999998
Denmark,DNK,2012,4.161941,4161.941
Denmark,DNK,2013,4.818923,4818.923
Denmark,DNK,2014,4.8864036,4886.403600000001
Denmark,DNK,2015,5.0769663,5076.9663
Denmark,DNK,2016,5.2451425,5245.1425
Denmark,DNK,2017,5.4889493,5488.9493
Denmark,DNK,2018,6.1226606,6122.660599999999
Denmark,DNK,2019,6.1105433,6110.543299999999
Denmark,DNK,2020,6.2585373,6258.5373
Denmark,DNK,2021,7.0039487,7003.9487
Denmark,DNK,2022,7.083819,7083.819
Denmark,DNK,2023,7.4818187,7481.8187
Estonia,EST,2002,0.001,1.0
Estonia,EST,2003,0.003,3.0
Estonia,EST,2004,0.007,7.0
Estonia,EST,2005,0.031000001,31.000000999999997
Estonia,EST,2006,0.031000001,31.000000999999997
Estonia,EST,2007,0.05,50.0
Estonia,EST,2008,0.07700001,77.00000999999999
Estonia,EST,2009,0.104,104.0
Estonia,EST,2010,0.108,108.0
Estonia,EST,2011,0.18,180.0
Estonia,EST,2012,0.266,266.0
Estonia,EST,2013,0.24800001,248.00001
Estonia,EST,2014,0.275,275.0
Estonia,EST,2015,0.3,300.0
Estonia,EST,2016,0.31,310.0
Estonia,EST,2017,0.3118,311.8
Estonia,EST,2018,0.31,310.0
Estonia,EST,2019,0.316,316.0
Estonia,EST,2020,0.317,317.0
Estonia,EST,2021,0.31500003,315.00003
Estonia,EST,2022,0.316,316.0
Estonia,EST,2023,0.40800002,408.00002
Europe,,2000,12.756916,12756.916000000001
Europe,,2001,17.396935,17396.934999999998
Europe,,2002,23.296112,23296.112
Europe,,2003,28.161947,28161.947
Europe,,2004,34.32937,34329.369999999995
Europe,,2005,40.69429,40694.29
Europe,,2006,47.9289,47928.9
Europe,,2007,56.35081,56350.810000000005
Europe,,2008,64.06529,64065.29000000001
Europe,,2009,75.814545,75814.545
Europe,,2010,84.93002,84930.02
Europe,,2011,94.723946,94723.946
Europe,,2012,107.20246,107202.46
Europe,,2013,118.1838,118183.8
Europe,,2014,130.20818,130208.18
Europe,,2015,143.02557,143025.56999999998
Europe,,2016,155.73808,155738.08
Europe,,2017,170.62718,170627.18000000002
Europe,,2018,181.83931,181839.31
Europe,,2019,196.21161,196211.61000000002
Europe,,2020,208.8416,208841.6
Europe,,2021,223.4725,223472.5
Europe,,2022,242.49586,242495.86
Europe,,2023,259.62915,259629.15
European Union (27),,2000,12.297515,12297.515000000001
European Union (27),,2001,16.844954,16844.954
European Union (27),,2002,22.604631,22604.631
European Union (27),,2003,27.251318,27251.318000000003
European Union (27),,2004,33.15174,33151.74
European Union (27),,2005,38.760483,38760.483
European Union (27),,2006,45.586094,45586.094000000005
European Union (27),,2007,53.4158,53415.799999999996
European Union (27),,2008,60.111286,60111.286
European Union (27),,2009,70.85252,70852.52
European Union (27),,2010,78.93701,78937.01
European Union (27),,2011,87.40653,87406.53
European Union (27),,2012,97.14504,97145.04
European Union (27),,2013,105.631386,105631.38600000001
European Union (27),,2014,115.61917,115619.17
European Union (27),,2015,127.17376,127173.76
European Union (27),,2016,137.97481,137974.81
European Union (27),,2017,148.9123,148912.3
European Union (27),,2018,157.21149,157211.49
European Union (27),,2019,167.14012,167140.12
European Union (27),,2020,177.07175,177071.75
European Union (27),,2021,187.94746,187947.46000000002
European Union (27),,2022,203.55397,203553.97
European Union (27),,2023,218.68448,218684.48
Finland,FIN,2000,0.038000003,38.000003
Finland,FIN,2001,0.039,39.0
Finland,FIN,2002,0.043,43.0
Finland,FIN,2003,0.052,52.0
Finland,FIN,2004,0.082,82.0
Finland,FIN,2005,0.082,82.0
Finland,FIN,2006,0.086,86.0
Finland,FIN,2007,0.11000001,110.00000999999999
Finland,FIN,2008,0.143,143.0
Finland,FIN,2009,0.147,147.0
Finland,FIN,2010,0.19700001,197.00001
Finland,FIN,2011,0.19900002,199.00002
Finland,FIN,2012,0.257,257.0
Finland,FIN,2013,0.44700003,447.00003
Finland,FIN,2014,0.62700003,627.00003
Finland,FIN,2015,1.005,1004.9999999999999
Finland,FIN,2016,1.565,1565.0
Finland,FIN,2017,2.0440001,2044.0001
Finland,FIN,2018,2.0410001,2041.0001000000002
Finland,FIN,2019,2.2840002,2284.0002
Finland,FIN,2020,2.5860002,2586.0002
Finland,FIN,2021,3.2570002,3257.0002
Finland,FIN,2022,5.677,5677.0
Finland,FIN,2023,6.9570003,6957.0003
France,FRA,2000,0.038000003,38.000003
France,FRA,2001,0.066,66.0
France,FRA,2002,0.13800001,138.00001
France,FRA,2003,0.21800001,218.00001
France,FRA,2004,0.358,358.0
France,FRA,2005,0.69000006,690.0000600000001
France,FRA,2006,1.4120001,1412.0001
France,FRA,2007,2.223,2223.0
France,FRA,2008,3.403,3403.0
France,FRA,2009,4.5820003,4582.0003
France,FRA,2010,5.912,5912.0
France,FRA,2011,6.758016,6758.016
France,FRA,2012,7.607496,7607.496
France,FRA,2013,8.160131,8160.130999999999
France,FRA,2014,9.201395,9201.395
France,FRA,2015,10.298147,10298.147
France,FRA,2016,11.566562,11566.562
France,FRA,2017,13.499352,13499.352
France,FRA,2018,14.900144,14900.143999999998
France,FRA,2019,16.426853,16426.853000000003
France,FRA,2020,17.535275,17535.274999999998
France,FRA,2021,18.551123,18551.123
France,FRA,2022,20.810575,20810.575
France,FRA,2023,22.195576,22195.575999999997
Germany,DEU,2000,6.0950003,6095.0003
Germany,DEU,2001,8.754001,8754.001
Germany,DEU,2002,12.001,12001.0
Germany,DEU,2003,14.3810005,14381.0005
Germany,DEU,2004,16.419,16419.0
Germany,DEU,2005,18.248001,18248.001
Germany,DEU,2006,20.474,20474.0
Germany,DEU,2007,22.116001,22116.001
Germany,DEU,2008,22.794,22794.0
Germany,DEU,2009,25.732,25732.0
Germany,DEU,2010,26.903002,26903.002
Germany,DEU,2011,28.712002,28712.001999999997
Germany,DEU,2012,30.979002,30979.002
Germany,DEU,2013,33.477,33477.0
Germany,DEU,2014,38.614002,38614.002
Germany,DEU,2015,44.58,44580.0
Germany,DEU,2016,49.435,49435.0
Germany,DEU,2017,55.58,55580.0
Germany,DEU,2018,58.721004,58721.004
Germany,DEU,2019,60.742004,60742.004
Germany,DEU,2020,62.201004,62201.004
Germany,DEU,2021,63.711002,63711.002
Germany,DEU,2022,66.163,66163.0
Germany,DEU,2023,69.459,69459.0
Greece,GRC,2000,0.22600001,226.00001
Greece,GRC,2001,0.27,270.0
Greece,GRC,2002,0.287,287.0
Greece,GRC,2003,0.37100002,371.00002
Greece,GRC,2004,0.47000003,470.00003000000004
Greece,GRC,2005,0.49100003,491.00003
Greece,GRC,2006,0.749,749.0
Greece,GRC,2007,0.846,846.0
Greece,GRC,2008,1.0220001,1022.0001000000001
Greece,GRC,2009,1.171,1171.0
Greece,GRC,2010,1.2980001,1298.0001000000002
Greece,GRC,2011,1.6400001,1640.0001
Greece,GRC,2012,1.7530001,1753.0001
Greece,GRC,2013,1.8090001,1809.0001
Greece,GRC,2014,1.978,1978.0
Greece,GRC,2015,2.091,2091.0
Greece,GRC,2016,2.3700001,2370.0000999999997
Greece,GRC,2017,2.624,2624.0
Greece,GRC,2018,2.8774953,2877.4953
Greece,GRC,2019,3.5890002,3589.0002
Greece,GRC,2020,4.1192503,4119.2503
Greece,GRC,2021,4.64913,4649.13
Greece,GRC,2022,4.70233,4702.33
Greece,GRC,2023,5.22033,5220.33
Hungary,HUN,2001,0.001,1.0
Hungary,HUN,2002,0.001,1.0
Hungary,HUN,2003,0.003,3.0
Hungary,HUN,2004,0.003,3.0
Hungary,HUN,2005,0.017,17.0
Hungary,HUN,2006,0.033,33.0
Hungary,HUN,2007,0.061000004,61.000004
Hungary,HUN,2008,0.134,134.0
Hungary,HUN,2009,0.20300001,203.00001
Hungary,HUN,2010,0.293,293.0
Hungary,HUN,2011,0.33100003,331.00003
Hungary,HUN,2012,0.32500002,325.00002
Hungary,HUN,2013,0.32900003,329.00003
Hungary,HUN,2014,0.32900003,329.00003
Hungary,HUN,2015,0.32900003,329.00003
Hungary,HUN,2016,0.32900003,329.00003
Hungary,HUN,2017,0.32900003,329.00003
Hungary,HUN,2018,0.32900003,329.00003
Hungary,HUN,2019,0.323,323.0
Hungary,HUN,2020,0.323,323.0
Hungary,HUN,2021,0.324,324.0
Hungary,HUN,2022,0.324,324.0
Hungary,HUN,2023,0.324,324.0
Iceland,ISL,2013,0.002,2.0
Iceland,ISL,2014,0.003,3.0
Iceland,ISL,2015,0.003,3.0
Iceland,ISL,2016,0.003,3.0
Iceland,ISL,2017,0.00243,2.4299999999999997
Iceland,ISL,2018,0.0024,2.4
Iceland,ISL,2019,0.0024,2.4
Iceland,ISL,2020,0.0018000001,1.8000000999999999
Iceland,ISL,2021,0.0018000001,1.8000000999999999
Iceland,ISL,2022,0.0019080001,1.9080001
Iceland,ISL,2023,0.0019080001,1.9080001
Ireland,IRL,2000,0.116500005,116.500005
Ireland,IRL,2001,0.12290001,122.90001000000001
Ireland,IRL,2002,0.13480002,134.80002
Ireland,IRL,2003,0.21030001,210.30001000000001
Ireland,IRL,2004,0.33640003,336.40003
Ireland,IRL,2005,0.49330005,493.30005
Ireland,IRL,2006,0.6765,676.5
Ireland,IRL,2007,0.74050003,740.5000299999999
Ireland,IRL,2008,0.9423,942.3000000000001
Ireland,IRL,2009,1.2513,1251.3000000000002
Ireland,IRL,2010,1.3903999,1390.3999000000001
Ireland,IRL,2011,1.5846001,1584.6001
Ireland,IRL,2012,1.7043501,1704.3501
Ireland,IRL,2013,1.9233,1923.3
Ireland,IRL,2014,2.28325,2283.25
Ireland,IRL,2015,2.45115,2451.15
Ireland,IRL,2016,2.80165,2801.65
Ireland,IRL,2017,3.31915,3319.15
Ireland,IRL,2018,3.67385,3673.85
Ireland,IRL,2019,4.1264505,4126.4505
Ireland,IRL,2020,4.3067,4306.7
Ireland,IRL,2021,4.339041,4339.041
Ireland,IRL,2022,4.5361314,4536.1314
Ireland,IRL,2023,4.806731,4806.731
Italy,ITA,2000,0.363,363.0
Italy,ITA,2001,0.66400003,664.0000299999999
Italy,ITA,2002,0.78000003,780.0000299999999
Italy,ITA,2003,0.874,874.0
Italy,ITA,2004,1.1270001,1127.0001
Italy,ITA,2005,1.6350001,1635.0001
Italy,ITA,2006,1.9020001,1902.0001
Italy,ITA,2007,2.7020001,2702.0000999999997
Italy,ITA,2008,3.525,3525.0
Italy,ITA,2009,4.879,4879.0
Italy,ITA,2010,5.794,5794.0
Italy,ITA,2011,6.918,6918.0
Italy,ITA,2012,8.102,8102.0
Italy,ITA,2013,8.542001,8542.001
Italy,ITA,2014,8.683001,8683.001
Italy,ITA,2015,9.137,9137.0
Italy,ITA,2016,9.384001,9384.001
Italy,ITA,2017,9.736579,9736.579000000002
Italy,ITA,2018,10.230247,10230.247000000001
Italy,ITA,2019,10.679461,10679.461
Italy,ITA,2020,10.870623,10870.623
Italy,ITA,2021,11.253734,11253.734
Italy,ITA,2022,11.820508,11820.508
Italy,ITA,2023,12.307508,12307.508
Latvia,LVA,2000,0.002,2.0
Latvia,LVA,2001,0.002,2.0
Latvia,LVA,2002,0.022000002,22.000002000000002
Latvia,LVA,2003,0.026,26.0
Latvia,LVA,2004,0.026,26.0
Latvia,LVA,2005,0.026,26.0
Latvia,LVA,2006,0.026,26.0
Latvia,LVA,2007,0.026,26.0
Latvia,LVA,2008,0.028,28.0
Latvia,LVA,2009,0.029000001,29.000001
Latvia,LVA,2010,0.030000001,30.000000999999997
Latvia,LVA,2011,0.036000002,36.000002
Latvia,LVA,2012,0.059000004,59.000004000000004
Latvia,LVA,2013,0.065892,65.89200000000001
Latvia,LVA,2014,0.068915,68.915
Latvia,LVA,2015,0.068165004,68.165004
Latvia,LVA,2016,0.069905005,69.905005
Latvia,LVA,2017,0.07710501,77.10501000000001
Latvia,LVA,2018,0.078172,78.17200000000001
Latvia,LVA,2019,0.078172,78.17200000000001
Latvia,LVA,2020,0.078172,78.17200000000001
Latvia,LVA,2021,0.077129,77.129
Latvia,LVA,2022,0.082433,82.433
Latvia,LVA,2023,0.14123301,141.23300999999998
Lithuania,LTU,2004,0.001,1.0
Lithuania,LTU,2005,0.001,1.0
Lithuania,LTU,2006,0.031000001,31.000000999999997
Lithuania,LTU,2007,0.047000002,47.000002
Lithuania,LTU,2008,0.054,54.0
Lithuania,LTU,2009,0.098000005,98.000005
Lithuania,LTU,2010,0.133,133.0
Lithuania,LTU,2011,0.202,202.0
Lithuania,LTU,2012,0.275,275.0
Lithuania,LTU,2013,0.279,279.0
Lithuania,LTU,2014,0.28800002,288.00002
Lithuania,LTU,2015,0.43600002,436.00002
Lithuania,LTU,2016,0.509,509.0
Lithuania,LTU,2017,0.518,518.0
Lithuania,LTU,2018,0.53300005,533.00005
Lithuania,LTU,2019,0.53400004,534.00004
Lithuania,LTU,2020,0.54,540.0
Lithuania,LTU,2021,0.671,671.0
Lithuania,LTU,2022,0.94600004,946.00004
Lithuania,LTU,2023,1.2870001,1287.0001
Luxembourg,LUX,2000,0.014,14.0
Luxembourg,LUX,2001,0.013900001,13.900001
Luxembourg,LUX,2002,0.013900001,13.900001
Luxembourg,LUX,2003,0.0205,20.5
Luxembourg,LUX,2004,0.034900002,34.900002
Luxembourg,LUX,2005,0.034900002,34.900002
Luxembourg,LUX,2006,0.034900002,34.900002
Luxembourg,LUX,2007,0.034900002,34.900002
Luxembourg,LUX,2008,0.042915,42.915
Luxembourg,LUX,2009,0.042930003,42.930003
Luxembourg,LUX,2010,0.043727003,43.727003
Luxembourg,LUX,2011,0.044527,44.526999999999994
Luxembourg,LUX,2012,0.058327,58.327
Luxembourg,LUX,2013,0.058327,58.327
Luxembourg,LUX,2014,0.058342002,58.342001999999994
Luxembourg,LUX,2015,0.063794,63.794000000000004
Luxembourg,LUX,2016,0.11969401,119.69401
Luxembourg,LUX,2017,0.11969401,119.69401
Luxembourg,LUX,2018,0.122894004,122.894004
Luxembourg,LUX,2019,0.13579401,135.79401
Luxembourg,LUX,2020,0.15274401,152.74401
Luxembourg,LUX,2021,0.136444,136.44400000000002
Luxembourg,LUX,2022,0.165334,165.334
Luxembourg,LUX,2023,0.22133401,221.33401
Malta,MLT,2012,0.000100000005,0.100000005
Malta,MLT,2013,0.000100000005,0.100000005
Malta,MLT,2014,0.000100000005,0.100000005
Malta,MLT,2015,0.000100000005,0.100000005
Malta,MLT,2016,0.000100000005,0.100000005
Malta,MLT,2017,0.000100000005,0.100000005
Malta,MLT,2018,0.000100000005,0.100000005
Malta,MLT,2019,0.000100000005,0.100000005
Malta,MLT,2020,0.000100000005,0.100000005
Malta,MLT,2021,0.000100000005,0.100000005
Malta,MLT,2022,0.000100000005,0.100000005
Malta,MLT,2023,0.000100000005,0.100000005
Netherlands,NLD,2000,0.44700003,447.00003
Netherlands,NLD,2001,0.48600003,486.00003000000004
Netherlands,NLD,2002,0.67200005,672.00005
Netherlands,NLD,2003,0.90500003,905.0000299999999
Netherlands,NLD,2004,1.075,1075.0
Netherlands,NLD,2005,1.2240001,1224.0001
Netherlands,NLD,2006,1.5610001,1561.0001
Netherlands,NLD,2007,1.7490001,1749.0001
Netherlands,NLD,2008,2.1490002,2149.0002
Netherlands,NLD,2009,2.2220001,2222.0000999999997
Netherlands,NLD,2010,2.237,2237.0
Netherlands,NLD,2011,2.3160002,2316.0002
Netherlands,NLD,2012,2.433,2433.0
Netherlands,NLD,2013,2.713,2713.0
Netherlands,NLD,2014,2.8650002,2865.0002
Netherlands,NLD,2015,3.3908403,3390.8403
Netherlands,NLD,2016,4.25712,4257.12
Netherlands,NLD,2017,4.202,4202.0
Netherlands,NLD,2018,4.3931108,4393.1107999999995
Netherlands,NLD,2019,4.4841585,4484.1585000000005
Netherlands,NLD,2020,6.6478753,6647.8753
Netherlands,NLD,2021,7.6738057,7673.8057
Netherlands,NLD,2022,8.754844,8754.844000000001
Netherlands,NLD,2023,10.749001,10749.001
Norway,NOR,2000,0.013,13.0
Norway,NOR,2001,0.013,13.0
Norway,NOR,2002,0.097,97.0
Norway,NOR,2003,0.097,97.0
Norway,NOR,2004,0.15200001,152.00001
Norway,NOR,2005,0.26500002,265.00002
Norway,NOR,2006,0.284,284.0
Norway,NOR,2007,0.34800002,348.00002
Norway,NOR,2008,0.395,395.0
Norway,NOR,2009,0.423,423.0
Norway,NOR,2010,0.425,425.0
Norway,NOR,2011,0.512,512.0
Norway,NOR,2012,0.70500004,705.00004
Norway,NOR,2013,0.818,818.0
Norway,NOR,2014,0.859,859.0
Norway,NOR,2015,0.86700004,867.00004
Norway,NOR,2016,0.883,883.0
Norway,NOR,2017,1.207,1207.0
Norway,NOR,2018,1.71,1710.0
Norway,NOR,2019,2.914,2914.0
Norway,NOR,2020,4.03,4030.0000000000005
Norway,NOR,2021,5.0490003,5049.000300000001
Norway,NOR,2022,5.0620003,5062.000300000001
Norway,NOR,2023,5.065,5065.0
Poland,POL,2000,0.004,4.0
Poland,POL,2001,0.019000001,19.000000999999997
Poland,POL,2002,0.032,32.0
Poland,POL,2003,0.035,35.0
Poland,POL,2004,0.040000003,40.000003
Poland,POL,2005,0.12100001,121.00001
Poland,POL,2006,0.172,172.0
Poland,POL,2007,0.30600002,306.00002
Poland,POL,2008,0.526,526.0
Poland,POL,2009,0.70900005,709.00005
Poland,POL,2010,1.108,1108.0
Poland,POL,2011,1.8000001,1800.0001000000002
Poland,POL,2012,2.5640001,2564.0000999999997
Poland,POL,2013,3.4290001,3429.0001
Poland,POL,2014,3.8360002,3836.0002
Poland,POL,2015,4.886,4886.0
Poland,POL,2016,5.747,5747.0
Poland,POL,2017,5.759357,5759.357
Poland,POL,2018,5.7660785,5766.0785
Poland,POL,2019,5.8377614,5837.761399999999
Poland,POL,2020,6.29825,6298.25
Poland,POL,2021,6.967339,6967.339
Poland,POL,2022,8.150235,8150.235000000001
Poland,POL,2023,9.307236,9307.235999999999
Portugal,PRT,2000,0.083000004,83.000004
Portugal,PRT,2001,0.125,125.0
Portugal,PRT,2002,0.19000001,190.00001
Portugal,PRT,2003,0.268,268.0
Portugal,PRT,2004,0.55300003,553.0000299999999
Portugal,PRT,2005,1.064,1064.0
Portugal,PRT,2006,1.6810001,1681.0001000000002
Portugal,PRT,2007,2.2010002,2201.0002000000004
Portugal,PRT,2008,2.857,2857.0
Portugal,PRT,2009,3.3260002,3326.0002000000004
Portugal,PRT,2010,3.7960002,3796.0002
Portugal,PRT,2011,4.256215,4256.215
Portugal,PRT,2012,4.411552,4411.552000000001
Portugal,PRT,2013,4.6099496,4609.9496
Portugal,PRT,2014,4.8565564,4856.5563999999995
Portugal,PRT,2015,4.936838,4936.838
Portugal,PRT,2016,5.124103,5124.103
Portugal,PRT,2017,5.1241055,5124.1055
Portugal,PRT,2018,5.172359,5172.359
Portugal,PRT,2019,5.2227454,5222.7454
Portugal,PRT,2020,5.122259,5122.259
Portugal,PRT,2021,5.427326,5427.326
Portugal,PRT,2022,5.5381393,5538.1393
Portugal,PRT,2023,5.6171393,5617.1393
Romania,ROU,2005,0.001,1.0
Romania,ROU,2006,0.001,1.0
Romania,ROU,2007,0.003,3.0
Romania,ROU,2008,0.0050000004,5.0000004
Romania,ROU,2009,0.015000001,15.000001000000001
Romania,ROU,2010,0.38900003,389.00003
Romania,ROU,2011,0.98800004,988.00004
Romania,ROU,2012,1.8220001,1822.0001
Romania,ROU,2013,2.7730002,2773.0002
Romania,ROU,2014,3.2440002,3244.0002
Romania,ROU,2015,3.13,3130.0
Romania,ROU,2016,3.025,3025.0
Romania,ROU,2017,3.0297983,3029.7983
Romania,ROU,2018,3.0322583,3032.2583
Romania,ROU,2019,3.037515,3037.515
Romania,ROU,2020,3.0125272,3012.5272
Romania,ROU,2021,3.0149581,3014.9581
Romania,ROU,2022,3.015202,3015.2019999999998
Romania,ROU,2023,3.087202,3087.202
Slovakia,SVK,2003,0.003,3.0
Slovakia,SVK,2004,0.003,3.0
Slovakia,SVK,2005,0.0050000004,5.0000004
Slovakia,SVK,2006,0.0050000004,5.0000004
Slovakia,SVK,2007,0.0050000004,5.0000004
Slovakia,SVK,2008,0.0050000004,5.0000004
Slovakia,SVK,2009,0.003,3.0
Slovakia,SVK,2010,0.003,3.0
Slovakia,SVK,2011,0.003,3.0
Slovakia,SVK,2012,0.003,3.0
Slovakia,SVK,2013,0.0050000004,5.0000004
Slovakia,SVK,2014,0.003,3.0
Slovakia,SVK,2015,0.003,3.0
Slovakia,SVK,2016,0.003,3.0
Slovakia,SVK,2017,0.004,4.0
Slovakia,SVK,2018,0.003,3.0
Slovakia,SVK,2019,0.004,4.0
Slovakia,SVK,2020,0.004,4.0
Slovakia,SVK,2021,0.004,4.0
Slovakia,SVK,2022,0.004,4.0
Slovakia,SVK,2023,0.004,4.0
Slovenia,SVN,2012,0.002,2.0
Slovenia,SVN,2013,0.002,2.0
Slovenia,SVN,2014,0.003,3.0
Slovenia,SVN,2015,0.003,3.0
Slovenia,SVN,2016,0.003,3.0
Slovenia,SVN,2017,0.0033000002,3.3000002
Slovenia,SVN,2018,0.0033000002,3.3000002
Slovenia,SVN,2019,0.0033000002,3.3000002
Slovenia,SVN,2020,0.0033000002,3.3000002
Slovenia,SVN,2021,0.0033280002,3.3280002
Slovenia,SVN,2022,0.0033280002,3.3280002
Slovenia,SVN,2023,0.0033280002,3.3280002
Spain,ESP,2000,2.206,2206.0
Spain,ESP,2001,3.397,3397.0
Spain,ESP,2002,4.8910003,4891.0003
Spain,ESP,2003,5.945,5945.0
Spain,ESP,2004,8.317,8317.0
Spain,ESP,2005,9.918,9918.0
Spain,ESP,2006,11.722,11722.0
Spain,ESP,2007,14.820001,14820.001
Spain,ESP,2008,16.555,16555.0
Spain,ESP,2009,19.176,19176.0
Spain,ESP,2010,20.693,20693.0
Spain,ESP,2011,21.529001,21529.001
Spain,ESP,2012,22.789001,22789.001
Spain,ESP,2013,22.958,22958.0
Spain,ESP,2014,22.925001,22925.001
Spain,ESP,2015,22.943,22943.0
Spain,ESP,2016,22.990002,22990.002
Spain,ESP,2017,23.12448,23124.48
Spain,ESP,2018,23.405056,23405.055999999997
Spain,ESP,2019,25.590076,25590.076
Spain,ESP,2020,26.819191,26819.191
Spain,ESP,2021,27.907652,27907.652
Spain,ESP,2022,30.113766,30113.766
Spain,ESP,2023,31.027765,31027.765
Sweden,SWE,2000,0.209,209.0
Sweden,SWE,2001,0.29500002,295.00001999999995
Sweden,SWE,2002,0.35700002,357.00001999999995
Sweden,SWE,2003,0.41700003,417.00003000000004
Sweden,SWE,2004,0.47500002,475.00002
Sweden,SWE,2005,0.522,522.0
Sweden,SWE,2006,0.58500004,585.00004
Sweden,SWE,2007,0.823,823.0
Sweden,SWE,2008,1.0890001,1089.0001
Sweden,SWE,2009,1.475,1475.0
Sweden,SWE,2010,2.0170002,2017.0002
Sweden,SWE,2011,2.7640002,2764.0002
Sweden,SWE,2012,3.6060002,3606.0002
Sweden,SWE,2013,4.1940002,4194.0001999999995
Sweden,SWE,2014,5.0880003,5088.0003
Sweden,SWE,2015,5.8190002,5819.0001999999995
Sweden,SWE,2016,6.4350004,6435.0004
Sweden,SWE,2017,6.6110005,6611.0005
Sweden,SWE,2018,7.3,7300.0
Sweden,SWE,2019,8.681001,8681.001
Sweden,SWE,2020,9.976001,9976.001
Sweden,SWE,2021,12.116,12116.0
Sweden,SWE,2022,14.279,14279.0
Sweden,SWE,2023,16.252,16251.999999999998
Switzerland,CHE,2000,0.003,3.0
Switzerland,CHE,2001,0.0050000004,5.0000004
Switzerland,CHE,2002,0.0050000004,5.0000004
Switzerland,CHE,2003,0.0050000004,5.0000004
Switzerland,CHE,2004,0.009000001,9.000001000000001
Switzerland,CHE,2005,0.012,12.0
Switzerland,CHE,2006,0.012,12.0
Switzerland,CHE,2007,0.012,12.0
Switzerland,CHE,2008,0.014,14.0
Switzerland,CHE,2009,0.018000001,18.000001
Switzerland,CHE,2010,0.042000003,42.000003
Switzerland,CHE,2011,0.046000004,46.000004
Switzerland,CHE,2012,0.049000002,49.000002
Switzerland,CHE,2013,0.060000002,60.000001999999995
Switzerland,CHE,2014,0.060000002,60.000001999999995
Switzerland,CHE,2015,0.060000002,60.000001999999995
Switzerland,CHE,2016,0.075,75.0
Switzerland,CHE,2017,0.075,75.0
Switzerland,CHE,2018,0.075,75.0
Switzerland,CHE,2019,0.075,75.0
Switzerland,CHE,2020,0.087000005,87.000005
Switzerland,CHE,2021,0.087000005,87.000005
Switzerland,CHE,2022,0.087000005,87.000005
Switzerland,CHE,2023,0.087000005,87.000005
United Kingdom,GBR,2000,0.43500003,435.00003
United Kingdom,GBR,2001,0.49400002,494.00002
United Kingdom,GBR,2002,0.535,535.0
United Kingdom,GBR,2003,0.74200004,742.00004
United Kingdom,GBR,2004,0.933,933.0
United Kingdom,GBR,2005,1.565,1565.0
United Kingdom,GBR,2006,1.955,1955.0
United Kingdom,GBR,2007,2.4770002,2477.0002
United Kingdom,GBR,2008,3.446,3446.0
United Kingdom,GBR,2009,4.419,4419.0
United Kingdom,GBR,2010,5.4210005,5421.0005
United Kingdom,GBR,2011,6.596,6596.0
United Kingdom,GBR,2012,9.030001,9030.001
United Kingdom,GBR,2013,11.282001,11282.000999999998
United Kingdom,GBR,2014,13.074,13074.0
United Kingdom,GBR,2015,14.305,14305.0
United Kingdom,GBR,2016,16.126001,16126.000999999998
United Kingdom,GBR,2017,19.585001,19585.000999999997
United Kingdom,GBR,2018,21.60565,21605.65
United Kingdom,GBR,2019,23.886919,23886.918999999998
United Kingdom,GBR,2020,24.45797,24457.97
United Kingdom,GBR,2021,25.748291,25748.290999999997
United Kingdom,GBR,2022,28.762173,28762.173
United Kingdom,GBR,2023,30.215174,30215.174000000003
